{
  "ABIRoot": {
    "kind": "Root",
    "name": "TopLevel",
    "printedName": "TopLevel",
    "children": [
      {
        "kind": "Import",
        "name": "Foundation",
        "printedName": "Foundation",
        "declKind": "Import",
        "moduleName": "KycVerificationSdk",
        "declAttributes": [
          "RawDocComment"
        ]
      },
      {
        "kind": "TypeDecl",
        "name": "CFKycVerificationSession",
        "printedName": "CFKycVerificationSession",
        "children": [
          {
            "kind": "Function",
            "name": "getFormUrl",
            "printedName": "getFormUrl()",
            "children": [
              {
                "kind": "TypeNominal",
                "name": "String",
                "printedName": "Swift.String",
                "usr": "s:SS"
              }
            ],
            "declKind": "Func",
            "usr": "s:18KycVerificationSdk05CFKycB7SessionC10getFormUrlSSyF",
            "mangledName": "$s18KycVerificationSdk05CFKycB7SessionC10getFormUrlSSyF",
            "moduleName": "KycVerificationSdk",
            "declAttributes": [
              "Final",
              "AccessControl"
            ],
            "funcSelfKind": "NonMutating"
          },
          {
            "kind": "TypeDecl",
            "name": "Builder",
            "printedName": "Builder",
            "children": [
              {
                "kind": "Constructor",
                "name": "init",
                "printedName": "init()",
                "children": [
                  {
                    "kind": "TypeNominal",
                    "name": "Builder",
                    "printedName": "KycVerificationSdk.CFKycVerificationSession.Builder",
                    "usr": "s:18KycVerificationSdk05CFKycB7SessionC7BuilderC"
                  }
                ],
                "declKind": "Constructor",
                "usr": "s:18KycVerificationSdk05CFKycB7SessionC7BuilderCAEycfc",
                "mangledName": "$s18KycVerificationSdk05CFKycB7SessionC7BuilderCAEycfc",
                "moduleName": "KycVerificationSdk",
                "overriding": true,
                "objc_name": "init",
                "declAttributes": [
                  "Dynamic",
                  "ObjC",
                  "Override",
                  "AccessControl"
                ],
                "init_kind": "Designated"
              },
              {
                "kind": "Function",
                "name": "setFormUrl",
                "printedName": "setFormUrl(_:)",
                "children": [
                  {
                    "kind": "TypeNominal",
                    "name": "Builder",
                    "printedName": "KycVerificationSdk.CFKycVerificationSession.Builder",
                    "usr": "s:18KycVerificationSdk05CFKycB7SessionC7BuilderC"
                  },
                  {
                    "kind": "TypeNominal",
                    "name": "String",
                    "printedName": "Swift.String",
                    "usr": "s:SS"
                  }
                ],
                "declKind": "Func",
                "usr": "s:18KycVerificationSdk05CFKycB7SessionC7BuilderC10setFormUrlyAESSF",
                "mangledName": "$s18KycVerificationSdk05CFKycB7SessionC7BuilderC10setFormUrlyAESSF",
                "moduleName": "KycVerificationSdk",
                "declAttributes": [
                  "Final",
                  "AccessControl",
                  "ObjC"
                ],
                "funcSelfKind": "NonMutating"
              },
              {
                "kind": "Function",
                "name": "build",
                "printedName": "build()",
                "children": [
                  {
                    "kind": "TypeNominal",
                    "name": "CFKycVerificationSession",
                    "printedName": "KycVerificationSdk.CFKycVerificationSession",
                    "usr": "c:@M@KycVerificationSdk@objc(cs)CFKycVerificationSession"
                  }
                ],
                "declKind": "Func",
                "usr": "s:18KycVerificationSdk05CFKycB7SessionC7BuilderC5buildACyKF",
                "mangledName": "$s18KycVerificationSdk05CFKycB7SessionC7BuilderC5buildACyKF",
                "moduleName": "KycVerificationSdk",
                "objc_name": "buildAndReturnError:",
                "declAttributes": [
                  "Final",
                  "AccessControl",
                  "ObjC"
                ],
                "throwing": true,
                "funcSelfKind": "NonMutating"
              }
            ],
            "declKind": "Class",
            "usr": "s:18KycVerificationSdk05CFKycB7SessionC7BuilderC",
            "mangledName": "$s18KycVerificationSdk05CFKycB7SessionC7BuilderC",
            "moduleName": "KycVerificationSdk",
            "declAttributes": [
              "AccessControl",
              "Final",
              "ObjC"
            ],
            "superclassUsr": "c:objc(cs)NSObject",
            "inheritsConvenienceInitializers": true,
            "superclassNames": [
              "ObjectiveC.NSObject"
            ],
            "conformances": [
              {
                "kind": "Conformance",
                "name": "Equatable",
                "printedName": "Equatable",
                "usr": "s:SQ",
                "mangledName": "$sSQ"
              },
              {
                "kind": "Conformance",
                "name": "Hashable",
                "printedName": "Hashable",
                "usr": "s:SH",
                "mangledName": "$sSH"
              },
              {
                "kind": "Conformance",
                "name": "CVarArg",
                "printedName": "CVarArg",
                "usr": "s:s7CVarArgP",
                "mangledName": "$ss7CVarArgP"
              },
              {
                "kind": "Conformance",
                "name": "_KeyValueCodingAndObservingPublishing",
                "printedName": "_KeyValueCodingAndObservingPublishing",
                "usr": "s:10Foundation37_KeyValueCodingAndObservingPublishingP",
                "mangledName": "$s10Foundation37_KeyValueCodingAndObservingPublishingP"
              },
              {
                "kind": "Conformance",
                "name": "_KeyValueCodingAndObserving",
                "printedName": "_KeyValueCodingAndObserving",
                "usr": "s:10Foundation27_KeyValueCodingAndObservingP",
                "mangledName": "$s10Foundation27_KeyValueCodingAndObservingP"
              },
              {
                "kind": "Conformance",
                "name": "CustomStringConvertible",
                "printedName": "CustomStringConvertible",
                "usr": "s:s23CustomStringConvertibleP",
                "mangledName": "$ss23CustomStringConvertibleP"
              },
              {
                "kind": "Conformance",
                "name": "CustomDebugStringConvertible",
                "printedName": "CustomDebugStringConvertible",
                "usr": "s:s28CustomDebugStringConvertibleP",
                "mangledName": "$ss28CustomDebugStringConvertibleP"
              }
            ]
          },
          {
            "kind": "Constructor",
            "name": "init",
            "printedName": "init()",
            "children": [
              {
                "kind": "TypeNominal",
                "name": "CFKycVerificationSession",
                "printedName": "KycVerificationSdk.CFKycVerificationSession",
                "usr": "c:@M@KycVerificationSdk@objc(cs)CFKycVerificationSession"
              }
            ],
            "declKind": "Constructor",
            "usr": "c:@M@KycVerificationSdk@objc(cs)CFKycVerificationSession(im)init",
            "mangledName": "$s18KycVerificationSdk05CFKycB7SessionCACycfc",
            "moduleName": "KycVerificationSdk",
            "overriding": true,
            "implicit": true,
            "objc_name": "init",
            "declAttributes": [
              "Dynamic",
              "ObjC",
              "Override"
            ],
            "init_kind": "Designated"
          }
        ],
        "declKind": "Class",
        "usr": "c:@M@KycVerificationSdk@objc(cs)CFKycVerificationSession",
        "mangledName": "$s18KycVerificationSdk05CFKycB7SessionC",
        "moduleName": "KycVerificationSdk",
        "declAttributes": [
          "AccessControl",
          "Final",
          "ObjC",
          "RawDocComment"
        ],
        "superclassUsr": "c:objc(cs)NSObject",
        "hasMissingDesignatedInitializers": true,
        "superclassNames": [
          "ObjectiveC.NSObject"
        ],
        "conformances": [
          {
            "kind": "Conformance",
            "name": "Equatable",
            "printedName": "Equatable",
            "usr": "s:SQ",
            "mangledName": "$sSQ"
          },
          {
            "kind": "Conformance",
            "name": "Hashable",
            "printedName": "Hashable",
            "usr": "s:SH",
            "mangledName": "$sSH"
          },
          {
            "kind": "Conformance",
            "name": "CVarArg",
            "printedName": "CVarArg",
            "usr": "s:s7CVarArgP",
            "mangledName": "$ss7CVarArgP"
          },
          {
            "kind": "Conformance",
            "name": "_KeyValueCodingAndObservingPublishing",
            "printedName": "_KeyValueCodingAndObservingPublishing",
            "usr": "s:10Foundation37_KeyValueCodingAndObservingPublishingP",
            "mangledName": "$s10Foundation37_KeyValueCodingAndObservingPublishingP"
          },
          {
            "kind": "Conformance",
            "name": "_KeyValueCodingAndObserving",
            "printedName": "_KeyValueCodingAndObserving",
            "usr": "s:10Foundation27_KeyValueCodingAndObservingP",
            "mangledName": "$s10Foundation27_KeyValueCodingAndObservingP"
          },
          {
            "kind": "Conformance",
            "name": "CustomStringConvertible",
            "printedName": "CustomStringConvertible",
            "usr": "s:s23CustomStringConvertibleP",
            "mangledName": "$ss23CustomStringConvertibleP"
          },
          {
            "kind": "Conformance",
            "name": "CustomDebugStringConvertible",
            "printedName": "CustomDebugStringConvertible",
            "usr": "s:s28CustomDebugStringConvertibleP",
            "mangledName": "$ss28CustomDebugStringConvertibleP"
          }
        ]
      },
      {
        "kind": "Import",
        "name": "UIKit",
        "printedName": "UIKit",
        "declKind": "Import",
        "moduleName": "KycVerificationSdk",
        "declAttributes": [
          "RawDocComment"
        ]
      },
      {
        "kind": "Import",
        "name": "WebKit",
        "printedName": "WebKit",
        "declKind": "Import",
        "moduleName": "KycVerificationSdk"
      },
      {
        "kind": "TypeDecl",
        "name": "VerificationResponseDelegate",
        "printedName": "VerificationResponseDelegate",
        "children": [
          {
            "kind": "Function",
            "name": "onVerificationCompletion",
            "printedName": "onVerificationCompletion(verificationResponse:)",
            "children": [
              {
                "kind": "TypeNominal",
                "name": "Void",
                "printedName": "()"
              },
              {
                "kind": "TypeNominal",
                "name": "CFVerificationResponse",
                "printedName": "KycVerificationSdk.CFVerificationResponse",
                "usr": "c:@M@KycVerificationSdk@objc(cs)CFVerificationResponse"
              }
            ],
            "declKind": "Func",
            "usr": "c:@M@KycVerificationSdk@objc(pl)VerificationResponseDelegate(im)onVerificationCompletionWithVerificationResponse:",
            "mangledName": "$s18KycVerificationSdk0B16ResponseDelegateP02onB10Completion012verificationD0yAA014CFVerificationD0C_tF",
            "moduleName": "KycVerificationSdk",
            "genericSig": "<τ_0_0 where τ_0_0 : KycVerificationSdk.VerificationResponseDelegate>",
            "sugared_genericSig": "<Self where Self : KycVerificationSdk.VerificationResponseDelegate>",
            "protocolReq": true,
            "declAttributes": [
              "ObjC"
            ],
            "reqNewWitnessTableEntry": true,
            "funcSelfKind": "NonMutating"
          },
          {
            "kind": "Function",
            "name": "onErrorResponse",
            "printedName": "onErrorResponse(errorReponse:)",
            "children": [
              {
                "kind": "TypeNominal",
                "name": "Void",
                "printedName": "()"
              },
              {
                "kind": "TypeNominal",
                "name": "CFErrorResponse",
                "printedName": "KycVerificationSdk.CFErrorResponse",
                "usr": "c:@M@KycVerificationSdk@objc(cs)CFErrorResponse"
              }
            ],
            "declKind": "Func",
            "usr": "c:@M@KycVerificationSdk@objc(pl)VerificationResponseDelegate(im)onErrorResponseWithErrorReponse:",
            "mangledName": "$s18KycVerificationSdk0B16ResponseDelegateP07onErrorD012errorReponseyAA07CFErrorD0C_tF",
            "moduleName": "KycVerificationSdk",
            "genericSig": "<τ_0_0 where τ_0_0 : KycVerificationSdk.VerificationResponseDelegate>",
            "sugared_genericSig": "<Self where Self : KycVerificationSdk.VerificationResponseDelegate>",
            "protocolReq": true,
            "declAttributes": [
              "ObjC"
            ],
            "reqNewWitnessTableEntry": true,
            "funcSelfKind": "NonMutating"
          }
        ],
        "declKind": "Protocol",
        "usr": "c:@M@KycVerificationSdk@objc(pl)VerificationResponseDelegate",
        "mangledName": "$s18KycVerificationSdk0B16ResponseDelegateP",
        "moduleName": "KycVerificationSdk",
        "genericSig": "<τ_0_0 : AnyObject>",
        "sugared_genericSig": "<Self : AnyObject>",
        "declAttributes": [
          "AccessControl",
          "ObjC"
        ]
      },
      {
        "kind": "Import",
        "name": "Foundation",
        "printedName": "Foundation",
        "declKind": "Import",
        "moduleName": "KycVerificationSdk",
        "declAttributes": [
          "RawDocComment"
        ]
      },
      {
        "kind": "Import",
        "name": "UIKit",
        "printedName": "UIKit",
        "declKind": "Import",
        "moduleName": "KycVerificationSdk"
      },
      {
        "kind": "TypeDecl",
        "name": "CFKycVerificationService",
        "printedName": "CFKycVerificationService",
        "children": [
          {
            "kind": "Function",
            "name": "getInstance",
            "printedName": "getInstance()",
            "children": [
              {
                "kind": "TypeNominal",
                "name": "CFKycVerificationService",
                "printedName": "KycVerificationSdk.CFKycVerificationService",
                "usr": "c:@M@KycVerificationSdk@objc(cs)CFKycVerificationService"
              }
            ],
            "declKind": "Func",
            "usr": "s:18KycVerificationSdk05CFKycB7ServiceC11getInstanceACyFZ",
            "mangledName": "$s18KycVerificationSdk05CFKycB7ServiceC11getInstanceACyFZ",
            "moduleName": "KycVerificationSdk",
            "static": true,
            "declAttributes": [
              "Final",
              "AccessControl"
            ],
            "funcSelfKind": "NonMutating"
          },
          {
            "kind": "Function",
            "name": "doVerification",
            "printedName": "doVerification(_:_:_:)",
            "children": [
              {
                "kind": "TypeNominal",
                "name": "Void",
                "printedName": "()"
              },
              {
                "kind": "TypeNominal",
                "name": "CFKycVerificationSession",
                "printedName": "KycVerificationSdk.CFKycVerificationSession",
                "usr": "c:@M@KycVerificationSdk@objc(cs)CFKycVerificationSession"
              },
              {
                "kind": "TypeNominal",
                "name": "UIViewController",
                "printedName": "UIKit.UIViewController",
                "usr": "c:objc(cs)UIViewController"
              },
              {
                "kind": "TypeNominal",
                "name": "VerificationResponseDelegate",
                "printedName": "KycVerificationSdk.VerificationResponseDelegate",
                "usr": "c:@M@KycVerificationSdk@objc(pl)VerificationResponseDelegate"
              }
            ],
            "declKind": "Func",
            "usr": "c:@M@KycVerificationSdk@objc(cs)CFKycVerificationService(im)doVerification:::error:",
            "mangledName": "$s18KycVerificationSdk05CFKycB7ServiceC02doB0yyAA0dB7SessionC_So16UIViewControllerCAA0B16ResponseDelegate_ptKF",
            "moduleName": "KycVerificationSdk",
            "declAttributes": [
              "Final",
              "AccessControl",
              "ObjC"
            ],
            "throwing": true,
            "funcSelfKind": "NonMutating"
          }
        ],
        "declKind": "Class",
        "usr": "c:@M@KycVerificationSdk@objc(cs)CFKycVerificationService",
        "mangledName": "$s18KycVerificationSdk05CFKycB7ServiceC",
        "moduleName": "KycVerificationSdk",
        "declAttributes": [
          "AccessControl",
          "Final",
          "ObjC"
        ],
        "superclassUsr": "c:objc(cs)NSObject",
        "hasMissingDesignatedInitializers": true,
        "inheritsConvenienceInitializers": true,
        "superclassNames": [
          "ObjectiveC.NSObject"
        ],
        "conformances": [
          {
            "kind": "Conformance",
            "name": "Equatable",
            "printedName": "Equatable",
            "usr": "s:SQ",
            "mangledName": "$sSQ"
          },
          {
            "kind": "Conformance",
            "name": "Hashable",
            "printedName": "Hashable",
            "usr": "s:SH",
            "mangledName": "$sSH"
          },
          {
            "kind": "Conformance",
            "name": "CVarArg",
            "printedName": "CVarArg",
            "usr": "s:s7CVarArgP",
            "mangledName": "$ss7CVarArgP"
          },
          {
            "kind": "Conformance",
            "name": "_KeyValueCodingAndObservingPublishing",
            "printedName": "_KeyValueCodingAndObservingPublishing",
            "usr": "s:10Foundation37_KeyValueCodingAndObservingPublishingP",
            "mangledName": "$s10Foundation37_KeyValueCodingAndObservingPublishingP"
          },
          {
            "kind": "Conformance",
            "name": "_KeyValueCodingAndObserving",
            "printedName": "_KeyValueCodingAndObserving",
            "usr": "s:10Foundation27_KeyValueCodingAndObservingP",
            "mangledName": "$s10Foundation27_KeyValueCodingAndObservingP"
          },
          {
            "kind": "Conformance",
            "name": "CustomStringConvertible",
            "printedName": "CustomStringConvertible",
            "usr": "s:s23CustomStringConvertibleP",
            "mangledName": "$ss23CustomStringConvertibleP"
          },
          {
            "kind": "Conformance",
            "name": "CustomDebugStringConvertible",
            "printedName": "CustomDebugStringConvertible",
            "usr": "s:s28CustomDebugStringConvertibleP",
            "mangledName": "$ss28CustomDebugStringConvertibleP"
          }
        ]
      },
      {
        "kind": "Import",
        "name": "Foundation",
        "printedName": "Foundation",
        "declKind": "Import",
        "moduleName": "KycVerificationSdk",
        "declAttributes": [
          "RawDocComment"
        ]
      },
      {
        "kind": "TypeDecl",
        "name": "KycVerificationError",
        "printedName": "KycVerificationError",
        "children": [
          {
            "kind": "Var",
            "name": "URL_MISSING",
            "printedName": "URL_MISSING",
            "children": [
              {
                "kind": "TypeFunc",
                "name": "Function",
                "printedName": "(KycVerificationSdk.KycVerificationError.Type) -> KycVerificationSdk.KycVerificationError",
                "children": [
                  {
                    "kind": "TypeNominal",
                    "name": "KycVerificationError",
                    "printedName": "KycVerificationSdk.KycVerificationError",
                    "usr": "c:@M@KycVerificationSdk@E@KycVerificationError"
                  },
                  {
                    "kind": "TypeNominal",
                    "name": "Metatype",
                    "printedName": "KycVerificationSdk.KycVerificationError.Type",
                    "children": [
                      {
                        "kind": "TypeNominal",
                        "name": "KycVerificationError",
                        "printedName": "KycVerificationSdk.KycVerificationError",
                        "usr": "c:@M@KycVerificationSdk@E@KycVerificationError"
                      }
                    ]
                  }
                ]
              }
            ],
            "declKind": "EnumElement",
            "usr": "c:@M@KycVerificationSdk@E@KycVerificationError@KycVerificationErrorURL_MISSING",
            "mangledName": "$s18KycVerificationSdk0aB5ErrorO11URL_MISSINGyA2CmF",
            "moduleName": "KycVerificationSdk",
            "declAttributes": [
              "ObjC"
            ],
            "fixedbinaryorder": 0
          },
          {
            "kind": "Constructor",
            "name": "init",
            "printedName": "init(rawValue:)",
            "children": [
              {
                "kind": "TypeNominal",
                "name": "Optional",
                "printedName": "KycVerificationSdk.KycVerificationError?",
                "children": [
                  {
                    "kind": "TypeNominal",
                    "name": "KycVerificationError",
                    "printedName": "KycVerificationSdk.KycVerificationError",
                    "usr": "c:@M@KycVerificationSdk@E@KycVerificationError"
                  }
                ],
                "usr": "s:Sq"
              },
              {
                "kind": "TypeNominal",
                "name": "Int",
                "printedName": "Swift.Int",
                "usr": "s:Si"
              }
            ],
            "declKind": "Constructor",
            "usr": "s:18KycVerificationSdk0aB5ErrorO8rawValueACSgSi_tcfc",
            "mangledName": "$s18KycVerificationSdk0aB5ErrorO8rawValueACSgSi_tcfc",
            "moduleName": "KycVerificationSdk",
            "implicit": true,
            "init_kind": "Designated"
          },
          {
            "kind": "Var",
            "name": "rawValue",
            "printedName": "rawValue",
            "children": [
              {
                "kind": "TypeNominal",
                "name": "Int",
                "printedName": "Swift.Int",
                "usr": "s:Si"
              }
            ],
            "declKind": "Var",
            "usr": "s:18KycVerificationSdk0aB5ErrorO8rawValueSivp",
            "mangledName": "$s18KycVerificationSdk0aB5ErrorO8rawValueSivp",
            "moduleName": "KycVerificationSdk",
            "implicit": true,
            "accessors": [
              {
                "kind": "Accessor",
                "name": "Get",
                "printedName": "Get()",
                "children": [
                  {
                    "kind": "TypeNominal",
                    "name": "Int",
                    "printedName": "Swift.Int",
                    "usr": "s:Si"
                  }
                ],
                "declKind": "Accessor",
                "usr": "s:18KycVerificationSdk0aB5ErrorO8rawValueSivg",
                "mangledName": "$s18KycVerificationSdk0aB5ErrorO8rawValueSivg",
                "moduleName": "KycVerificationSdk",
                "implicit": true,
                "accessorKind": "get"
              }
            ]
          },
          {
            "kind": "Var",
            "name": "_nsErrorDomain",
            "printedName": "_nsErrorDomain",
            "children": [
              {
                "kind": "TypeNominal",
                "name": "String",
                "printedName": "Swift.String",
                "usr": "s:SS"
              }
            ],
            "declKind": "Var",
            "usr": "s:18KycVerificationSdk0aB5ErrorO03_nsD6DomainSSvpZ",
            "mangledName": "$s18KycVerificationSdk0aB5ErrorO03_nsD6DomainSSvpZ",
            "moduleName": "KycVerificationSdk",
            "static": true,
            "implicit": true,
            "accessors": [
              {
                "kind": "Accessor",
                "name": "Get",
                "printedName": "Get()",
                "children": [
                  {
                    "kind": "TypeNominal",
                    "name": "String",
                    "printedName": "Swift.String",
                    "usr": "s:SS"
                  }
                ],
                "declKind": "Accessor",
                "usr": "s:18KycVerificationSdk0aB5ErrorO03_nsD6DomainSSvgZ",
                "mangledName": "$s18KycVerificationSdk0aB5ErrorO03_nsD6DomainSSvgZ",
                "moduleName": "KycVerificationSdk",
                "static": true,
                "implicit": true,
                "accessorKind": "get"
              }
            ]
          },
          {
            "kind": "Var",
            "name": "description",
            "printedName": "description",
            "children": [
              {
                "kind": "TypeNominal",
                "name": "String",
                "printedName": "Swift.String",
                "usr": "s:SS"
              }
            ],
            "declKind": "Var",
            "usr": "s:18KycVerificationSdk0aB5ErrorO11descriptionSSvp",
            "mangledName": "$s18KycVerificationSdk0aB5ErrorO11descriptionSSvp",
            "moduleName": "KycVerificationSdk",
            "declAttributes": [
              "AccessControl"
            ],
            "isFromExtension": true,
            "accessors": [
              {
                "kind": "Accessor",
                "name": "Get",
                "printedName": "Get()",
                "children": [
                  {
                    "kind": "TypeNominal",
                    "name": "String",
                    "printedName": "Swift.String",
                    "usr": "s:SS"
                  }
                ],
                "declKind": "Accessor",
                "usr": "s:18KycVerificationSdk0aB5ErrorO11descriptionSSvg",
                "mangledName": "$s18KycVerificationSdk0aB5ErrorO11descriptionSSvg",
                "moduleName": "KycVerificationSdk",
                "isFromExtension": true,
                "accessorKind": "get"
              }
            ]
          },
          {
            "kind": "Var",
            "name": "localizedDescription",
            "printedName": "localizedDescription",
            "children": [
              {
                "kind": "TypeNominal",
                "name": "String",
                "printedName": "Swift.String",
                "usr": "s:SS"
              }
            ],
            "declKind": "Var",
            "usr": "s:18KycVerificationSdk0aB5ErrorO20localizedDescriptionSSvp",
            "mangledName": "$s18KycVerificationSdk0aB5ErrorO20localizedDescriptionSSvp",
            "moduleName": "KycVerificationSdk",
            "declAttributes": [
              "AccessControl"
            ],
            "isFromExtension": true,
            "accessors": [
              {
                "kind": "Accessor",
                "name": "Get",
                "printedName": "Get()",
                "children": [
                  {
                    "kind": "TypeNominal",
                    "name": "String",
                    "printedName": "Swift.String",
                    "usr": "s:SS"
                  }
                ],
                "declKind": "Accessor",
                "usr": "s:18KycVerificationSdk0aB5ErrorO20localizedDescriptionSSvg",
                "mangledName": "$s18KycVerificationSdk0aB5ErrorO20localizedDescriptionSSvg",
                "moduleName": "KycVerificationSdk",
                "isFromExtension": true,
                "accessorKind": "get"
              }
            ]
          }
        ],
        "declKind": "Enum",
        "usr": "c:@M@KycVerificationSdk@E@KycVerificationError",
        "mangledName": "$s18KycVerificationSdk0aB5ErrorO",
        "moduleName": "KycVerificationSdk",
        "declAttributes": [
          "AccessControl",
          "ObjC"
        ],
        "enumRawTypeName": "Int",
        "conformances": [
          {
            "kind": "Conformance",
            "name": "Equatable",
            "printedName": "Equatable",
            "usr": "s:SQ",
            "mangledName": "$sSQ"
          },
          {
            "kind": "Conformance",
            "name": "Hashable",
            "printedName": "Hashable",
            "usr": "s:SH",
            "mangledName": "$sSH"
          },
          {
            "kind": "Conformance",
            "name": "RawRepresentable",
            "printedName": "RawRepresentable",
            "children": [
              {
                "kind": "TypeWitness",
                "name": "RawValue",
                "printedName": "RawValue",
                "children": [
                  {
                    "kind": "TypeNominal",
                    "name": "Int",
                    "printedName": "Swift.Int",
                    "usr": "s:Si"
                  }
                ]
              }
            ],
            "usr": "s:SY",
            "mangledName": "$sSY"
          },
          {
            "kind": "Conformance",
            "name": "Error",
            "printedName": "Error",
            "usr": "s:s5ErrorP",
            "mangledName": "$ss5ErrorP"
          },
          {
            "kind": "Conformance",
            "name": "_BridgedNSError",
            "printedName": "_BridgedNSError",
            "usr": "s:10Foundation15_BridgedNSErrorP",
            "mangledName": "$s10Foundation15_BridgedNSErrorP"
          },
          {
            "kind": "Conformance",
            "name": "Sendable",
            "printedName": "Sendable",
            "usr": "s:s8SendableP",
            "mangledName": "$ss8SendableP"
          },
          {
            "kind": "Conformance",
            "name": "_ObjectiveCBridgeableError",
            "printedName": "_ObjectiveCBridgeableError",
            "usr": "s:10Foundation26_ObjectiveCBridgeableErrorP",
            "mangledName": "$s10Foundation26_ObjectiveCBridgeableErrorP"
          },
          {
            "kind": "Conformance",
            "name": "CustomStringConvertible",
            "printedName": "CustomStringConvertible",
            "usr": "s:s23CustomStringConvertibleP",
            "mangledName": "$ss23CustomStringConvertibleP"
          }
        ]
      },
      {
        "kind": "Import",
        "name": "Foundation",
        "printedName": "Foundation",
        "declKind": "Import",
        "moduleName": "KycVerificationSdk",
        "declAttributes": [
          "RawDocComment"
        ]
      },
      {
        "kind": "TypeDecl",
        "name": "CFVerificationResponse",
        "printedName": "CFVerificationResponse",
        "children": [
          {
            "kind": "Var",
            "name": "status",
            "printedName": "status",
            "children": [
              {
                "kind": "TypeNominal",
                "name": "Optional",
                "printedName": "Swift.String?",
                "children": [
                  {
                    "kind": "TypeNominal",
                    "name": "String",
                    "printedName": "Swift.String",
                    "usr": "s:SS"
                  }
                ],
                "usr": "s:Sq"
              }
            ],
            "declKind": "Var",
            "usr": "s:18KycVerificationSdk22CFVerificationResponseC6statusSSSgvp",
            "mangledName": "$s18KycVerificationSdk22CFVerificationResponseC6statusSSSgvp",
            "moduleName": "KycVerificationSdk",
            "declAttributes": [
              "HasInitialValue",
              "HasStorage",
              "AccessControl"
            ],
            "hasStorage": true,
            "accessors": [
              {
                "kind": "Accessor",
                "name": "Get",
                "printedName": "Get()",
                "children": [
                  {
                    "kind": "TypeNominal",
                    "name": "Optional",
                    "printedName": "Swift.String?",
                    "children": [
                      {
                        "kind": "TypeNominal",
                        "name": "String",
                        "printedName": "Swift.String",
                        "usr": "s:SS"
                      }
                    ],
                    "usr": "s:Sq"
                  }
                ],
                "declKind": "Accessor",
                "usr": "s:18KycVerificationSdk22CFVerificationResponseC6statusSSSgvg",
                "mangledName": "$s18KycVerificationSdk22CFVerificationResponseC6statusSSSgvg",
                "moduleName": "KycVerificationSdk",
                "implicit": true,
                "accessorKind": "get"
              },
              {
                "kind": "Accessor",
                "name": "Set",
                "printedName": "Set()",
                "children": [
                  {
                    "kind": "TypeNominal",
                    "name": "Void",
                    "printedName": "()"
                  },
                  {
                    "kind": "TypeNominal",
                    "name": "Optional",
                    "printedName": "Swift.String?",
                    "children": [
                      {
                        "kind": "TypeNominal",
                        "name": "String",
                        "printedName": "Swift.String",
                        "usr": "s:SS"
                      }
                    ],
                    "usr": "s:Sq"
                  }
                ],
                "declKind": "Accessor",
                "usr": "s:18KycVerificationSdk22CFVerificationResponseC6statusSSSgvs",
                "mangledName": "$s18KycVerificationSdk22CFVerificationResponseC6statusSSSgvs",
                "moduleName": "KycVerificationSdk",
                "implicit": true,
                "accessorKind": "set"
              },
              {
                "kind": "Accessor",
                "name": "Modify",
                "printedName": "Modify()",
                "children": [
                  {
                    "kind": "TypeNominal",
                    "name": "Void",
                    "printedName": "()"
                  }
                ],
                "declKind": "Accessor",
                "usr": "s:18KycVerificationSdk22CFVerificationResponseC6statusSSSgvM",
                "mangledName": "$s18KycVerificationSdk22CFVerificationResponseC6statusSSSgvM",
                "moduleName": "KycVerificationSdk",
                "implicit": true,
                "accessorKind": "_modify"
              }
            ]
          },
          {
            "kind": "Var",
            "name": "form_id",
            "printedName": "form_id",
            "children": [
              {
                "kind": "TypeNominal",
                "name": "Optional",
                "printedName": "Swift.String?",
                "children": [
                  {
                    "kind": "TypeNominal",
                    "name": "String",
                    "printedName": "Swift.String",
                    "usr": "s:SS"
                  }
                ],
                "usr": "s:Sq"
              }
            ],
            "declKind": "Var",
            "usr": "s:18KycVerificationSdk22CFVerificationResponseC7form_idSSSgvp",
            "mangledName": "$s18KycVerificationSdk22CFVerificationResponseC7form_idSSSgvp",
            "moduleName": "KycVerificationSdk",
            "declAttributes": [
              "HasInitialValue",
              "HasStorage",
              "AccessControl"
            ],
            "hasStorage": true,
            "accessors": [
              {
                "kind": "Accessor",
                "name": "Get",
                "printedName": "Get()",
                "children": [
                  {
                    "kind": "TypeNominal",
                    "name": "Optional",
                    "printedName": "Swift.String?",
                    "children": [
                      {
                        "kind": "TypeNominal",
                        "name": "String",
                        "printedName": "Swift.String",
                        "usr": "s:SS"
                      }
                    ],
                    "usr": "s:Sq"
                  }
                ],
                "declKind": "Accessor",
                "usr": "s:18KycVerificationSdk22CFVerificationResponseC7form_idSSSgvg",
                "mangledName": "$s18KycVerificationSdk22CFVerificationResponseC7form_idSSSgvg",
                "moduleName": "KycVerificationSdk",
                "implicit": true,
                "accessorKind": "get"
              },
              {
                "kind": "Accessor",
                "name": "Set",
                "printedName": "Set()",
                "children": [
                  {
                    "kind": "TypeNominal",
                    "name": "Void",
                    "printedName": "()"
                  },
                  {
                    "kind": "TypeNominal",
                    "name": "Optional",
                    "printedName": "Swift.String?",
                    "children": [
                      {
                        "kind": "TypeNominal",
                        "name": "String",
                        "printedName": "Swift.String",
                        "usr": "s:SS"
                      }
                    ],
                    "usr": "s:Sq"
                  }
                ],
                "declKind": "Accessor",
                "usr": "s:18KycVerificationSdk22CFVerificationResponseC7form_idSSSgvs",
                "mangledName": "$s18KycVerificationSdk22CFVerificationResponseC7form_idSSSgvs",
                "moduleName": "KycVerificationSdk",
                "implicit": true,
                "accessorKind": "set"
              },
              {
                "kind": "Accessor",
                "name": "Modify",
                "printedName": "Modify()",
                "children": [
                  {
                    "kind": "TypeNominal",
                    "name": "Void",
                    "printedName": "()"
                  }
                ],
                "declKind": "Accessor",
                "usr": "s:18KycVerificationSdk22CFVerificationResponseC7form_idSSSgvM",
                "mangledName": "$s18KycVerificationSdk22CFVerificationResponseC7form_idSSSgvM",
                "moduleName": "KycVerificationSdk",
                "implicit": true,
                "accessorKind": "_modify"
              }
            ]
          },
          {
            "kind": "Constructor",
            "name": "init",
            "printedName": "init()",
            "children": [
              {
                "kind": "TypeNominal",
                "name": "CFVerificationResponse",
                "printedName": "KycVerificationSdk.CFVerificationResponse",
                "usr": "c:@M@KycVerificationSdk@objc(cs)CFVerificationResponse"
              }
            ],
            "declKind": "Constructor",
            "usr": "c:@M@KycVerificationSdk@objc(cs)CFVerificationResponse(im)init",
            "mangledName": "$s18KycVerificationSdk22CFVerificationResponseCACycfc",
            "moduleName": "KycVerificationSdk",
            "overriding": true,
            "implicit": true,
            "objc_name": "init",
            "declAttributes": [
              "Dynamic",
              "ObjC",
              "Override"
            ],
            "init_kind": "Designated"
          }
        ],
        "declKind": "Class",
        "usr": "c:@M@KycVerificationSdk@objc(cs)CFVerificationResponse",
        "mangledName": "$s18KycVerificationSdk22CFVerificationResponseC",
        "moduleName": "KycVerificationSdk",
        "declAttributes": [
          "AccessControl",
          "ObjC"
        ],
        "superclassUsr": "c:objc(cs)NSObject",
        "inheritsConvenienceInitializers": true,
        "superclassNames": [
          "ObjectiveC.NSObject"
        ],
        "conformances": [
          {
            "kind": "Conformance",
            "name": "Equatable",
            "printedName": "Equatable",
            "usr": "s:SQ",
            "mangledName": "$sSQ"
          },
          {
            "kind": "Conformance",
            "name": "Hashable",
            "printedName": "Hashable",
            "usr": "s:SH",
            "mangledName": "$sSH"
          },
          {
            "kind": "Conformance",
            "name": "CVarArg",
            "printedName": "CVarArg",
            "usr": "s:s7CVarArgP",
            "mangledName": "$ss7CVarArgP"
          },
          {
            "kind": "Conformance",
            "name": "_KeyValueCodingAndObservingPublishing",
            "printedName": "_KeyValueCodingAndObservingPublishing",
            "usr": "s:10Foundation37_KeyValueCodingAndObservingPublishingP",
            "mangledName": "$s10Foundation37_KeyValueCodingAndObservingPublishingP"
          },
          {
            "kind": "Conformance",
            "name": "_KeyValueCodingAndObserving",
            "printedName": "_KeyValueCodingAndObserving",
            "usr": "s:10Foundation27_KeyValueCodingAndObservingP",
            "mangledName": "$s10Foundation27_KeyValueCodingAndObservingP"
          },
          {
            "kind": "Conformance",
            "name": "CustomStringConvertible",
            "printedName": "CustomStringConvertible",
            "usr": "s:s23CustomStringConvertibleP",
            "mangledName": "$ss23CustomStringConvertibleP"
          },
          {
            "kind": "Conformance",
            "name": "CustomDebugStringConvertible",
            "printedName": "CustomDebugStringConvertible",
            "usr": "s:s28CustomDebugStringConvertibleP",
            "mangledName": "$ss28CustomDebugStringConvertibleP"
          }
        ]
      },
      {
        "kind": "TypeDecl",
        "name": "CFErrorResponse",
        "printedName": "CFErrorResponse",
        "children": [
          {
            "kind": "Var",
            "name": "message",
            "printedName": "message",
            "children": [
              {
                "kind": "TypeNominal",
                "name": "Optional",
                "printedName": "Swift.String?",
                "children": [
                  {
                    "kind": "TypeNominal",
                    "name": "String",
                    "printedName": "Swift.String",
                    "usr": "s:SS"
                  }
                ],
                "usr": "s:Sq"
              }
            ],
            "declKind": "Var",
            "usr": "s:18KycVerificationSdk15CFErrorResponseC7messageSSSgvp",
            "mangledName": "$s18KycVerificationSdk15CFErrorResponseC7messageSSSgvp",
            "moduleName": "KycVerificationSdk",
            "declAttributes": [
              "HasInitialValue",
              "HasStorage",
              "AccessControl"
            ],
            "hasStorage": true,
            "accessors": [
              {
                "kind": "Accessor",
                "name": "Get",
                "printedName": "Get()",
                "children": [
                  {
                    "kind": "TypeNominal",
                    "name": "Optional",
                    "printedName": "Swift.String?",
                    "children": [
                      {
                        "kind": "TypeNominal",
                        "name": "String",
                        "printedName": "Swift.String",
                        "usr": "s:SS"
                      }
                    ],
                    "usr": "s:Sq"
                  }
                ],
                "declKind": "Accessor",
                "usr": "s:18KycVerificationSdk15CFErrorResponseC7messageSSSgvg",
                "mangledName": "$s18KycVerificationSdk15CFErrorResponseC7messageSSSgvg",
                "moduleName": "KycVerificationSdk",
                "implicit": true,
                "accessorKind": "get"
              },
              {
                "kind": "Accessor",
                "name": "Set",
                "printedName": "Set()",
                "children": [
                  {
                    "kind": "TypeNominal",
                    "name": "Void",
                    "printedName": "()"
                  },
                  {
                    "kind": "TypeNominal",
                    "name": "Optional",
                    "printedName": "Swift.String?",
                    "children": [
                      {
                        "kind": "TypeNominal",
                        "name": "String",
                        "printedName": "Swift.String",
                        "usr": "s:SS"
                      }
                    ],
                    "usr": "s:Sq"
                  }
                ],
                "declKind": "Accessor",
                "usr": "s:18KycVerificationSdk15CFErrorResponseC7messageSSSgvs",
                "mangledName": "$s18KycVerificationSdk15CFErrorResponseC7messageSSSgvs",
                "moduleName": "KycVerificationSdk",
                "implicit": true,
                "accessorKind": "set"
              },
              {
                "kind": "Accessor",
                "name": "Modify",
                "printedName": "Modify()",
                "children": [
                  {
                    "kind": "TypeNominal",
                    "name": "Void",
                    "printedName": "()"
                  }
                ],
                "declKind": "Accessor",
                "usr": "s:18KycVerificationSdk15CFErrorResponseC7messageSSSgvM",
                "mangledName": "$s18KycVerificationSdk15CFErrorResponseC7messageSSSgvM",
                "moduleName": "KycVerificationSdk",
                "implicit": true,
                "accessorKind": "_modify"
              }
            ]
          },
          {
            "kind": "Var",
            "name": "statusCode",
            "printedName": "statusCode",
            "children": [
              {
                "kind": "TypeNominal",
                "name": "Optional",
                "printedName": "Swift.Int?",
                "children": [
                  {
                    "kind": "TypeNominal",
                    "name": "Int",
                    "printedName": "Swift.Int",
                    "usr": "s:Si"
                  }
                ],
                "usr": "s:Sq"
              }
            ],
            "declKind": "Var",
            "usr": "s:18KycVerificationSdk15CFErrorResponseC10statusCodeSiSgvp",
            "mangledName": "$s18KycVerificationSdk15CFErrorResponseC10statusCodeSiSgvp",
            "moduleName": "KycVerificationSdk",
            "declAttributes": [
              "HasInitialValue",
              "HasStorage",
              "AccessControl"
            ],
            "hasStorage": true,
            "accessors": [
              {
                "kind": "Accessor",
                "name": "Get",
                "printedName": "Get()",
                "children": [
                  {
                    "kind": "TypeNominal",
                    "name": "Optional",
                    "printedName": "Swift.Int?",
                    "children": [
                      {
                        "kind": "TypeNominal",
                        "name": "Int",
                        "printedName": "Swift.Int",
                        "usr": "s:Si"
                      }
                    ],
                    "usr": "s:Sq"
                  }
                ],
                "declKind": "Accessor",
                "usr": "s:18KycVerificationSdk15CFErrorResponseC10statusCodeSiSgvg",
                "mangledName": "$s18KycVerificationSdk15CFErrorResponseC10statusCodeSiSgvg",
                "moduleName": "KycVerificationSdk",
                "implicit": true,
                "accessorKind": "get"
              },
              {
                "kind": "Accessor",
                "name": "Set",
                "printedName": "Set()",
                "children": [
                  {
                    "kind": "TypeNominal",
                    "name": "Void",
                    "printedName": "()"
                  },
                  {
                    "kind": "TypeNominal",
                    "name": "Optional",
                    "printedName": "Swift.Int?",
                    "children": [
                      {
                        "kind": "TypeNominal",
                        "name": "Int",
                        "printedName": "Swift.Int",
                        "usr": "s:Si"
                      }
                    ],
                    "usr": "s:Sq"
                  }
                ],
                "declKind": "Accessor",
                "usr": "s:18KycVerificationSdk15CFErrorResponseC10statusCodeSiSgvs",
                "mangledName": "$s18KycVerificationSdk15CFErrorResponseC10statusCodeSiSgvs",
                "moduleName": "KycVerificationSdk",
                "implicit": true,
                "accessorKind": "set"
              },
              {
                "kind": "Accessor",
                "name": "Modify",
                "printedName": "Modify()",
                "children": [
                  {
                    "kind": "TypeNominal",
                    "name": "Void",
                    "printedName": "()"
                  }
                ],
                "declKind": "Accessor",
                "usr": "s:18KycVerificationSdk15CFErrorResponseC10statusCodeSiSgvM",
                "mangledName": "$s18KycVerificationSdk15CFErrorResponseC10statusCodeSiSgvM",
                "moduleName": "KycVerificationSdk",
                "implicit": true,
                "accessorKind": "_modify"
              }
            ]
          },
          {
            "kind": "Constructor",
            "name": "init",
            "printedName": "init()",
            "children": [
              {
                "kind": "TypeNominal",
                "name": "CFErrorResponse",
                "printedName": "KycVerificationSdk.CFErrorResponse",
                "usr": "c:@M@KycVerificationSdk@objc(cs)CFErrorResponse"
              }
            ],
            "declKind": "Constructor",
            "usr": "c:@M@KycVerificationSdk@objc(cs)CFErrorResponse(im)init",
            "mangledName": "$s18KycVerificationSdk15CFErrorResponseCACycfc",
            "moduleName": "KycVerificationSdk",
            "overriding": true,
            "implicit": true,
            "objc_name": "init",
            "declAttributes": [
              "Dynamic",
              "ObjC",
              "Override"
            ],
            "init_kind": "Designated"
          }
        ],
        "declKind": "Class",
        "usr": "c:@M@KycVerificationSdk@objc(cs)CFErrorResponse",
        "mangledName": "$s18KycVerificationSdk15CFErrorResponseC",
        "moduleName": "KycVerificationSdk",
        "declAttributes": [
          "AccessControl",
          "ObjC"
        ],
        "superclassUsr": "c:objc(cs)NSObject",
        "inheritsConvenienceInitializers": true,
        "superclassNames": [
          "ObjectiveC.NSObject"
        ],
        "conformances": [
          {
            "kind": "Conformance",
            "name": "Equatable",
            "printedName": "Equatable",
            "usr": "s:SQ",
            "mangledName": "$sSQ"
          },
          {
            "kind": "Conformance",
            "name": "Hashable",
            "printedName": "Hashable",
            "usr": "s:SH",
            "mangledName": "$sSH"
          },
          {
            "kind": "Conformance",
            "name": "CVarArg",
            "printedName": "CVarArg",
            "usr": "s:s7CVarArgP",
            "mangledName": "$ss7CVarArgP"
          },
          {
            "kind": "Conformance",
            "name": "_KeyValueCodingAndObservingPublishing",
            "printedName": "_KeyValueCodingAndObservingPublishing",
            "usr": "s:10Foundation37_KeyValueCodingAndObservingPublishingP",
            "mangledName": "$s10Foundation37_KeyValueCodingAndObservingPublishingP"
          },
          {
            "kind": "Conformance",
            "name": "_KeyValueCodingAndObserving",
            "printedName": "_KeyValueCodingAndObserving",
            "usr": "s:10Foundation27_KeyValueCodingAndObservingP",
            "mangledName": "$s10Foundation27_KeyValueCodingAndObservingP"
          },
          {
            "kind": "Conformance",
            "name": "CustomStringConvertible",
            "printedName": "CustomStringConvertible",
            "usr": "s:s23CustomStringConvertibleP",
            "mangledName": "$ss23CustomStringConvertibleP"
          },
          {
            "kind": "Conformance",
            "name": "CustomDebugStringConvertible",
            "printedName": "CustomDebugStringConvertible",
            "usr": "s:s28CustomDebugStringConvertibleP",
            "mangledName": "$ss28CustomDebugStringConvertibleP"
          }
        ]
      }
    ],
    "json_format_version": 8
  },
  "ConstValues": [
    {
      "filePath": "\/Users\/renubisht\/Documents\/cashfree_sdk\/New Folder With Items\/cashfree-kyc-verification-sdk-ios\/KycVerificationSdk\/KycVerificationSdk\/utils\/JSONDecoderHelper.swift",
      "kind": "StringLiteral",
      "offset": 338,
      "length": 33,
      "value": "\"Failed to decode JSON: \""
    },
    {
      "filePath": "\/Users\/renubisht\/Documents\/cashfree_sdk\/New Folder With Items\/cashfree-kyc-verification-sdk-ios\/KycVerificationSdk\/KycVerificationSdk\/utils\/JSONDecoderHelper.swift",
      "kind": "StringLiteral",
      "offset": 370,
      "length": 2,
      "value": "\"\""
    },
    {
      "filePath": "\/Users\/renubisht\/Documents\/cashfree_sdk\/New Folder With Items\/cashfree-kyc-verification-sdk-ios\/KycVerificationSdk\/KycVerificationSdk\/builder\/CFKycVerificationSession.swift",
      "kind": "StringLiteral",
      "offset": 133,
      "length": 24,
      "value": "\"KycVerificationSdk.CFKycVerificationSession\""
    },
    {
      "filePath": "\/Users\/renubisht\/Documents\/cashfree_sdk\/New Folder With Items\/cashfree-kyc-verification-sdk-ios\/KycVerificationSdk\/KycVerificationSdk\/view\/CFKycVerificationViewController.swift",
      "kind": "StringLiteral",
      "offset": 864,
      "length": 33,
      "value": "\"CFKycVerificationViewController\""
    },
    {
      "filePath": "\/Users\/renubisht\/Documents\/cashfree_sdk\/New Folder With Items\/cashfree-kyc-verification-sdk-ios\/KycVerificationSdk\/KycVerificationSdk\/view\/CFKycVerificationViewController.swift",
      "kind": "StringLiteral",
      "offset": 1025,
      "length": 39,
      "value": "\"init(coder:) has not been implemented\""
    },
    {
      "filePath": "\/Users\/renubisht\/Documents\/cashfree_sdk\/New Folder With Items\/cashfree-kyc-verification-sdk-ios\/KycVerificationSdk\/KycVerificationSdk\/view\/CFKycVerificationViewController.swift",
      "kind": "StringLiteral",
      "offset": 1299,
      "length": 12,
      "value": "\"kycWebView\""
    },
    {
      "filePath": "\/Users\/renubisht\/Documents\/cashfree_sdk\/New Folder With Items\/cashfree-kyc-verification-sdk-ios\/KycVerificationSdk\/KycVerificationSdk\/view\/CFKycVerificationViewController.swift",
      "kind": "StringLiteral",
      "offset": 1470,
      "length": 318,
      "value": "\"    var meta = document.createElement('meta');\n    meta.name = 'viewport';\n    meta.content = 'width=device-width, initial-scale=1.0, maximum-scale=1.0, user-scalable=no';\n    document.getElementsByTagName('head')[0].appendChild(meta);\""
    },
    {
      "filePath": "\/Users\/renubisht\/Documents\/cashfree_sdk\/New Folder With Items\/cashfree-kyc-verification-sdk-ios\/KycVerificationSdk\/KycVerificationSdk\/view\/CFKycVerificationViewController.swift",
      "kind": "BooleanLiteral",
      "offset": 1839,
      "length": 4,
      "value": "true"
    },
    {
      "filePath": "\/Users\/renubisht\/Documents\/cashfree_sdk\/New Folder With Items\/cashfree-kyc-verification-sdk-ios\/KycVerificationSdk\/KycVerificationSdk\/view\/CFKycVerificationViewController.swift",
      "kind": "StringLiteral",
      "offset": 1984,
      "length": 15,
      "value": "\"nativeProcess\""
    },
    {
      "filePath": "\/Users\/renubisht\/Documents\/cashfree_sdk\/New Folder With Items\/cashfree-kyc-verification-sdk-ios\/KycVerificationSdk\/KycVerificationSdk\/view\/CFKycVerificationViewController.swift",
      "kind": "BooleanLiteral",
      "offset": 2243,
      "length": 4,
      "value": "true"
    },
    {
      "filePath": "\/Users\/renubisht\/Documents\/cashfree_sdk\/New Folder With Items\/cashfree-kyc-verification-sdk-ios\/KycVerificationSdk\/KycVerificationSdk\/view\/CFKycVerificationViewController.swift",
      "kind": "BooleanLiteral",
      "offset": 2259,
      "length": 5,
      "value": "false"
    },
    {
      "filePath": "\/Users\/renubisht\/Documents\/cashfree_sdk\/New Folder With Items\/cashfree-kyc-verification-sdk-ios\/KycVerificationSdk\/KycVerificationSdk\/view\/CFKycVerificationViewController.swift",
      "kind": "StringLiteral",
      "offset": 2698,
      "length": 18,
      "value": "\"Swipe recognized\""
    },
    {
      "filePath": "\/Users\/renubisht\/Documents\/cashfree_sdk\/New Folder With Items\/cashfree-kyc-verification-sdk-ios\/KycVerificationSdk\/KycVerificationSdk\/view\/CFKycVerificationViewController.swift",
      "kind": "StringLiteral",
      "offset": 2936,
      "length": 9,
      "value": "\"Warning\""
    },
    {
      "filePath": "\/Users\/renubisht\/Documents\/cashfree_sdk\/New Folder With Items\/cashfree-kyc-verification-sdk-ios\/KycVerificationSdk\/KycVerificationSdk\/view\/CFKycVerificationViewController.swift",
      "kind": "StringLiteral",
      "offset": 2956,
      "length": 51,
      "value": "\"Are you sure you want to cancel the verification?\""
    },
    {
      "filePath": "\/Users\/renubisht\/Documents\/cashfree_sdk\/New Folder With Items\/cashfree-kyc-verification-sdk-ios\/KycVerificationSdk\/KycVerificationSdk\/view\/CFKycVerificationViewController.swift",
      "kind": "StringLiteral",
      "offset": 3081,
      "length": 5,
      "value": "\"Yes\""
    },
    {
      "filePath": "\/Users\/renubisht\/Documents\/cashfree_sdk\/New Folder With Items\/cashfree-kyc-verification-sdk-ios\/KycVerificationSdk\/KycVerificationSdk\/view\/CFKycVerificationViewController.swift",
      "kind": "BooleanLiteral",
      "offset": 3251,
      "length": 4,
      "value": "true"
    },
    {
      "filePath": "\/Users\/renubisht\/Documents\/cashfree_sdk\/New Folder With Items\/cashfree-kyc-verification-sdk-ios\/KycVerificationSdk\/KycVerificationSdk\/view\/CFKycVerificationViewController.swift",
      "kind": "StringLiteral",
      "offset": 3349,
      "length": 29,
      "value": "\"User cancelled Verification\""
    },
    {
      "filePath": "\/Users\/renubisht\/Documents\/cashfree_sdk\/New Folder With Items\/cashfree-kyc-verification-sdk-ios\/KycVerificationSdk\/KycVerificationSdk\/view\/CFKycVerificationViewController.swift",
      "kind": "StringLiteral",
      "offset": 3521,
      "length": 4,
      "value": "\"No\""
    },
    {
      "filePath": "\/Users\/renubisht\/Documents\/cashfree_sdk\/New Folder With Items\/cashfree-kyc-verification-sdk-ios\/KycVerificationSdk\/KycVerificationSdk\/view\/CFKycVerificationViewController.swift",
      "kind": "BooleanLiteral",
      "offset": 3690,
      "length": 4,
      "value": "true"
    },
    {
      "filePath": "\/Users\/renubisht\/Documents\/cashfree_sdk\/New Folder With Items\/cashfree-kyc-verification-sdk-ios\/KycVerificationSdk\/KycVerificationSdk\/view\/CFKycVerificationViewController.swift",
      "kind": "StringLiteral",
      "offset": 3713,
      "length": 28,
      "value": "\"Alert controller presented\""
    },
    {
      "filePath": "\/Users\/renubisht\/Documents\/cashfree_sdk\/New Folder With Items\/cashfree-kyc-verification-sdk-ios\/KycVerificationSdk\/KycVerificationSdk\/view\/CFKycVerificationViewController.swift",
      "kind": "StringLiteral",
      "offset": 4266,
      "length": 21,
      "value": "\"closeViewController\""
    },
    {
      "filePath": "\/Users\/renubisht\/Documents\/cashfree_sdk\/New Folder With Items\/cashfree-kyc-verification-sdk-ios\/KycVerificationSdk\/KycVerificationSdk\/view\/CFKycVerificationViewController.swift",
      "kind": "BooleanLiteral",
      "offset": 4325,
      "length": 4,
      "value": "true"
    },
    {
      "filePath": "\/Users\/renubisht\/Documents\/cashfree_sdk\/New Folder With Items\/cashfree-kyc-verification-sdk-ios\/KycVerificationSdk\/KycVerificationSdk\/view\/CFKycVerificationViewController.swift",
      "kind": "StringLiteral",
      "offset": 4474,
      "length": 8,
      "value": "\"action\""
    },
    {
      "filePath": "\/Users\/renubisht\/Documents\/cashfree_sdk\/New Folder With Items\/cashfree-kyc-verification-sdk-ios\/KycVerificationSdk\/KycVerificationSdk\/view\/CFKycVerificationViewController.swift",
      "kind": "StringLiteral",
      "offset": 4549,
      "length": 6,
      "value": "\"data\""
    },
    {
      "filePath": "\/Users\/renubisht\/Documents\/cashfree_sdk\/New Folder With Items\/cashfree-kyc-verification-sdk-ios\/KycVerificationSdk\/KycVerificationSdk\/view\/CFKycVerificationViewController.swift",
      "kind": "StringLiteral",
      "offset": 4712,
      "length": 13,
      "value": "\"Data is nil\""
    },
    {
      "filePath": "\/Users\/renubisht\/Documents\/cashfree_sdk\/New Folder With Items\/cashfree-kyc-verification-sdk-ios\/KycVerificationSdk\/KycVerificationSdk\/view\/CFKycVerificationViewController.swift",
      "kind": "StringLiteral",
      "offset": 4916,
      "length": 22,
      "value": "\"verificationResponse\""
    },
    {
      "filePath": "\/Users\/renubisht\/Documents\/cashfree_sdk\/New Folder With Items\/cashfree-kyc-verification-sdk-ios\/KycVerificationSdk\/KycVerificationSdk\/view\/CFKycVerificationViewController.swift",
      "kind": "StringLiteral",
      "offset": 5017,
      "length": 11,
      "value": "\"webErrors\""
    },
    {
      "filePath": "\/Users\/renubisht\/Documents\/cashfree_sdk\/New Folder With Items\/cashfree-kyc-verification-sdk-ios\/KycVerificationSdk\/KycVerificationSdk\/view\/CFKycVerificationViewController.swift",
      "kind": "BooleanLiteral",
      "offset": 5535,
      "length": 4,
      "value": "true"
    },
    {
      "filePath": "\/Users\/renubisht\/Documents\/cashfree_sdk\/New Folder With Items\/cashfree-kyc-verification-sdk-ios\/KycVerificationSdk\/KycVerificationSdk\/view\/CFKycVerificationViewController.swift",
      "kind": "BooleanLiteral",
      "offset": 5856,
      "length": 4,
      "value": "true"
    },
    {
      "filePath": "\/Users\/renubisht\/Documents\/cashfree_sdk\/New Folder With Items\/cashfree-kyc-verification-sdk-ios\/KycVerificationSdk\/KycVerificationSdk\/view\/CFKycVerificationViewController.swift",
      "kind": "StringLiteral",
      "offset": 344,
      "length": 31,
      "value": "\"KycVerificationSdk.CFKycVerificationViewController\""
    },
    {
      "filePath": "\/Users\/renubisht\/Documents\/cashfree_sdk\/New Folder With Items\/cashfree-kyc-verification-sdk-ios\/KycVerificationSdk\/KycVerificationSdk\/service\/CFKycVerificationService.swift",
      "kind": "StringLiteral",
      "offset": 719,
      "length": 30,
      "value": "\"NavigationControllerNotFound\""
    },
    {
      "filePath": "\/Users\/renubisht\/Documents\/cashfree_sdk\/New Folder With Items\/cashfree-kyc-verification-sdk-ios\/KycVerificationSdk\/KycVerificationSdk\/service\/CFKycVerificationService.swift",
      "kind": "IntegerLiteral",
      "offset": 757,
      "length": 1,
      "value": "1"
    },
    {
      "filePath": "\/Users\/renubisht\/Documents\/cashfree_sdk\/New Folder With Items\/cashfree-kyc-verification-sdk-ios\/KycVerificationSdk\/KycVerificationSdk\/service\/CFKycVerificationService.swift",
      "kind": "BooleanLiteral",
      "offset": 1030,
      "length": 4,
      "value": "true"
    },
    {
      "filePath": "\/Users\/renubisht\/Documents\/cashfree_sdk\/New Folder With Items\/cashfree-kyc-verification-sdk-ios\/KycVerificationSdk\/KycVerificationSdk\/utils\/KycVerificationError.swift",
      "kind": "StringLiteral",
      "offset": 361,
      "length": 44,
      "value": "\"The \"formUrl\" is missing in the request.\""
    }
  ]
}